Category,Image_AUROC,Pixel_AUROC,Precision,Recall,F1,Threshold
leather,0.9993206521739131,0.9889604391207197,0.8518518518518519,1.0,0.92,0.38146962225437164
bottle,0.9976190476190476,0.9682874288465825,0.863013698630137,1.0,0.9264705882352942,0.4150824397802353
metal_nut,0.9960899315738025,0.9068192594105406,0.8942307692307693,1.0,0.9441624365482234,0.42837223410606384
carpet,0.9867576243980738,0.9778993986053857,0.8613861386138614,0.9775280898876404,0.9157894736842105,0.41128529608249664
wood,0.9684210526315788,0.896175319133241,0.8676470588235294,0.9833333333333333,0.921875,0.45550671219825745
toothbrush,0.9555555555555556,0.968366060682188,0.8333333333333334,1.0,0.9090909090909091,0.40222255885601044
hazelnut,0.9524999999999999,0.9721321028168701,0.7777777777777778,1.0,0.875,0.46196119487285614
transistor,0.9445833333333333,0.850299227100267,0.5714285714285714,1.0,0.7272727272727273,0.4649192690849304
tile,0.9314574314574315,0.8837707905750828,0.8367346938775511,0.9761904761904762,0.9010989010989011,0.4459334909915924
cable,0.9312218890554722,0.9470914405214219,0.7583333333333333,0.9891304347826086,0.8584905660377359,0.46132566034793854
capsule,0.8859194256082967,0.9441772443951316,0.907563025210084,0.9908256880733946,0.9473684210526315,0.3914562463760376
zipper,0.8841911764705882,0.9013216602767924,0.8769230769230769,0.957983193277311,0.9156626506024096,0.3812713921070099
pill,0.8570649208947081,0.9426854308420625,0.9115646258503401,0.950354609929078,0.9305555555555556,0.4239218682050705
grid,0.8220551378446116,0.9203231412830418,0.8360655737704918,0.8947368421052632,0.864406779661017,0.4991925060749054
screw,0.6773929083828655,0.92147181268182,0.8058252427184466,0.6974789915966386,0.7477477477477478,0.4513665735721588
