Category,Precision,Recall,F1,Threshold
bottle,0.863013698630137,1.0,0.9264705882352942,0.4150824397802353
cable,0.7583333333333333,0.9891304347826086,0.8584905660377359,0.46132566034793854
capsule,0.907563025210084,0.9908256880733946,0.9473684210526315,0.3914562463760376
carpet,0.8613861386138614,0.9775280898876404,0.9157894736842105,0.41128529608249664
grid,0.8360655737704918,0.8947368421052632,0.864406779661017,0.4991925060749054
hazelnut,0.7777777777777778,1.0,0.875,0.46196119487285614
leather,0.8518518518518519,1.0,0.92,0.38146962225437164
metal_nut,0.8942307692307693,1.0,0.9441624365482234,0.42837223410606384
pill,0.9115646258503401,0.950354609929078,0.9305555555555556,0.4239218682050705
screw,0.8058252427184466,0.6974789915966386,0.7477477477477478,0.4513665735721588
tile,0.8367346938775511,0.9761904761904762,0.9010989010989011,0.4459334909915924
toothbrush,0.8333333333333334,1.0,0.9090909090909091,0.40222255885601044
transistor,0.5714285714285714,1.0,0.7272727272727273,0.4649192690849304
wood,0.8676470588235294,0.9833333333333333,0.921875,0.45550671219825745
zipper,0.8769230769230769,0.957983193277311,0.9156626506024096,0.3812713921070099
